name,path,owner,purpose,inputs,outputs,side_effects,dependencies,last_modified,test_coverage,repro_steps,acceptance_tests,known_limitations,checksum
compute_performance.py,analysis/compute_performance.py,,Script compute_performance.py — purpose to be filled by owner,,,,,2026-02-04,unit: no; integration: no,,,,ff45c19e3ddbfc73015863876b09ebaf38256b794b6ac4a6970c463f3ae3ccdb
performance_anatomy.py,analysis/performance_anatomy.py,,Script performance_anatomy.py — purpose to be filled by owner,,,,,2026-02-04,unit: no; integration: no,,,,e930c2f4084ba5a51f3eef56ff873a0736333d6480f4fba0d260d917b263fbc3
app.py,archive/app.py,,Script app.py — purpose to be filled by owner,,,,,2026-01-25,unit: no; integration: no,,,,7f670fce6cd4e3bed31e67af3a5399d43b0b9cc45896aefac4a1c6a233b372d9
backtest_engine_quant_v1.py,archive/backtest_engine_quant_v1.py,,Script backtest_engine_quant_v1.py — purpose to be filled by owner,,,,,2026-01-21,unit: no; integration: no,,,,a907743ca240bdc57ba2ad15763cf936edb3966432aff511b939d284c8268b9b
dashboard_growth_quant_v1.py,archive/dashboard_growth_quant_v1.py,,Script dashboard_growth_quant_v1.py — purpose to be filled by owner,,,,,2026-01-25,unit: no; integration: no,,,,af3b6d72436c70529922978e69b63a53d33d6b3d8c798c67601e1c5df5a5eb13
dashboard_returns_v2.py,archive/dashboard_returns_v2.py,,Script dashboard_returns_v2.py — purpose to be filled by owner,,,,,2026-01-25,unit: no; integration: no,,,,433f3f5f59c2d2aeec6a7a6834944b90ec310e2d4b230547a821f0944e83d9e3
dashboard_top10_quant_v1.py,archive/dashboard_top10_quant_v1.py,,Script dashboard_top10_quant_v1.py — purpose to be filled by owner,,,,,2026-01-25,unit: no; integration: no,,,,e3b0c44298fc1c149afbf4c8996fb92427ae41e4649b934ca495991b7852b855
optimiser_quant_v1.py,archive/optimiser_quant_v1.py,,Script optimiser_quant_v1.py — purpose to be filled by owner,,,,,2026-01-22,unit: no; integration: no,,,,055bbfe01cefc2852b0fdec284c206293527b9db812ea0ee0a5e554c874053cb
1_Dashboard_Overview.py,archive/pages/1_Dashboard_Overview.py,,Script 1_Dashboard_Overview.py — purpose to be filled by owner,,,,,2026-01-25,unit: no; integration: no,,,,cb14c2a592f3a71ec533b83cbb50df47a2c786260784f9f1c63aac23a5351243
1_Weekly_Picks.py,archive/pages/1_Weekly_Picks.py,,Script 1_Weekly_Picks.py — purpose to be filled by owner,,,,,2026-01-30,unit: no; integration: no,,,,9d5503ff1593da43a36d4d5d2fd7c432f81f06ed19078d3380e1011f3a7a2d5f
2_Performance.py,archive/pages/2_Performance.py,,Script 2_Performance.py — purpose to be filled by owner,,,,,2026-01-31,unit: no; integration: no,,,,75615889679753d3b584dc4a145f455294c5fbc682e1d08c02feafde85f31398
2_Signals_Watchlist.py,archive/pages/2_Signals_Watchlist.py,,Script 2_Signals_Watchlist.py — purpose to be filled by owner,,,,,2026-01-25,unit: no; integration: no,,,,e830391d6a8f69ec44454faa1b6c5c946c5a5d713a9e010785a1232416d27b80
3_Regimes.py,archive/pages/3_Regimes.py,,Script 3_Regimes.py — purpose to be filled by owner,,,,,2026-01-31,unit: no; integration: no,,,,b9e7b64b5423ca4690409a432ccdec9566ac9e7f52ff9a18e56ecd7b385971c9
3_Ticker_Intelligence.py,archive/pages/3_Ticker_Intelligence.py,,Script 3_Ticker_Intelligence.py — purpose to be filled by owner,,,,,2026-01-25,unit: no; integration: no,,,,afdb596e621daca7a1bc7f1b4d911ba5ae0003a0e859fba57261ce67fd8bd287
4_Exposure.py,archive/pages/4_Exposure.py,,Script 4_Exposure.py — purpose to be filled by owner,,,,,2026-01-31,unit: no; integration: no,,,,b142a322246f08e227d5d6ad8aa28fcbf6a5070debc20b101a81b70b8676f1d5
4_Strategy_Performance.py,archive/pages/4_Strategy_Performance.py,,Script 4_Strategy_Performance.py — purpose to be filled by owner,,,,,2026-01-25,unit: no; integration: no,,,,eade9809d127e1909ef71384464dcac26e26b50c2b908ea9e23e460a9a1046d8
5_Diagnostics.py,archive/pages/5_Diagnostics.py,,Script 5_Diagnostics.py — purpose to be filled by owner,,,,,2026-01-31,unit: no; integration: no,,,,66498b0c13a2718fb3888cd0ed2e0ef956f33a4980a81402a5a6651f034d69fb
1_Dashboard_Overview.py,archive/pages/archive/1_Dashboard_Overview.py,,Script 1_Dashboard_Overview.py — purpose to be filled by owner,,,,,2026-01-25,unit: no; integration: no,,,,cb14c2a592f3a71ec533b83cbb50df47a2c786260784f9f1c63aac23a5351243
2_Signals_Watchlist.py,archive/pages/archive/2_Signals_Watchlist.py,,Script 2_Signals_Watchlist.py — purpose to be filled by owner,,,,,2026-01-25,unit: no; integration: no,,,,e830391d6a8f69ec44454faa1b6c5c946c5a5d713a9e010785a1232416d27b80
3_Ticker_Intelligence.py,archive/pages/archive/3_Ticker_Intelligence.py,,Script 3_Ticker_Intelligence.py — purpose to be filled by owner,,,,,2026-01-25,unit: no; integration: no,,,,afdb596e621daca7a1bc7f1b4d911ba5ae0003a0e859fba57261ce67fd8bd287
4_Strategy_Performance.py,archive/pages/archive/4_Strategy_Performance.py,,Script 4_Strategy_Performance.py — purpose to be filled by owner,,,,,2026-01-25,unit: no; integration: no,,,,eade9809d127e1909ef71384464dcac26e26b50c2b908ea9e23e460a9a1046d8
page1_top_picks.py,archive/pages/archive/page1_top_picks.py,,Script page1_top_picks.py — purpose to be filled by owner,,,,,2026-01-25,unit: no; integration: no,,,,0d761e241e5ba9cc6cc47c0fd38fbdeaa21a8270140d6a46826feeebc9e3319f
page2_5y_verification.py,archive/pages/archive/page2_5y_verification.py,,Script page2_5y_verification.py — purpose to be filled by owner,,,,,2026-01-25,unit: no; integration: no,,,,a56592efea1867fcf7933ee4f4894b7ff9eb289fd38b5098dc505a51dccd7218
page1_top_picks.py,archive/pages/page1_top_picks.py,,Script page1_top_picks.py — purpose to be filled by owner,,,,,2026-01-25,unit: no; integration: no,,,,0d761e241e5ba9cc6cc47c0fd38fbdeaa21a8270140d6a46826feeebc9e3319f
page2_5y_verification.py,archive/pages/page2_5y_verification.py,,Script page2_5y_verification.py — purpose to be filled by owner,,,,,2026-01-25,unit: no; integration: no,,,,a56592efea1867fcf7933ee4f4894b7ff9eb289fd38b5098dc505a51dccd7218
performance_engine_quant_v1.py,archive/performance_engine_quant_v1.py,,Script performance_engine_quant_v1.py — purpose to be filled by owner,,,,,2026-01-21,unit: no; integration: no,,,,9a8e6f7229b0db914839b36a4e1489e1b6a8bff70169cf05d291813dba8510d0
portfolio_engine_quant_v1.py,archive/portfolio_engine_quant_v1.py,,Script portfolio_engine_quant_v1.py — purpose to be filled by owner,,,,,2026-01-22,unit: no; integration: no,,,,1c35c1b0828195de9a8204b50cd042c320dd520d11ffdff19c3bf2ed927bb30b
quant_alpha_engine_v1.py,archive/quant_alpha_engine_v1.py,,Script quant_alpha_engine_v1.py — purpose to be filled by owner,,,,,2026-01-23,unit: no; integration: no,,,,c142420919d766b8723c5d7259090f2bacc51c161768c8abb4188f3c84f965e6
quant_dashboard_v1.py,archive/quant_dashboard_v1.py,,Script quant_dashboard_v1.py — purpose to be filled by owner,,,,,2026-01-24,unit: no; integration: no,,,,84b4a5054b4636caf1f3093004795c4b157667d74483222c1071aa1339c61149
streamlit_quant_dashboard_v1.py,archive/streamlit_quant_dashboard_v1.py,,Script streamlit_quant_dashboard_v1.py — purpose to be filled by owner,,,,,2026-01-31,unit: no; integration: no,,,,8281c7b8a8cf441783934413381d89bdee07c3d4a4ac4491016e948062f81f7e
export_worst_episode.py,export_worst_episode.py,,Script export_worst_episode.py — purpose to be filled by owner,,,,,2026-02-03,unit: no; integration: no,,,,ccc82e1b91fc79ebb660a1626066ed9339574c757f9fd48abea00ed910d2e5a4
inspect_selection_file.py,inspect_selection_file.py,,Script inspect_selection_file.py — purpose to be filled by owner,,,,,2026-01-29,unit: no; integration: no,,,,01e271bc5cdac442340e8ade14d1acbf65b7b56f08f4da611587dd670da47a88
compliance_checker_quant_v1.py,manifest/compliance_checker_quant_v1.py,,Script compliance_checker_quant_v1.py — purpose to be filled by owner,,,,,2026-01-25,unit: no; integration: no,,,,620319cf1ecf1b8259ed77e4b6b4bc7190ee276e911dc2cd606d8da51c926138
per_day_impact.py,per_day_impact.py,,Script per_day_impact.py — purpose to be filled by owner,,,,,2026-02-03,unit: no; integration: no,,,,25ef1f7a11a2d713e047d4eade4771e256b3b9f0bb0001718caef3c6692acbd4
per_ticker_pnl_20250404.py,per_ticker_pnl_20250404.py,,Script per_ticker_pnl_20250404.py — purpose to be filled by owner,,,,,2026-02-03,unit: no; integration: no,,,,9ce0ddd927fb42b1410c9fd812bd90143b21f944a7355a5b2bfd75706ed8b9fa
reconcile_trades_vs_mark.py,reconcile_trades_vs_mark.py,,Script reconcile_trades_vs_mark.py — purpose to be filled by owner,,,,,2026-02-03,unit: no; integration: no,,,,43d094eee0957e60f35737e4013cbbaad75edffd4c1ef6ac6446c7228e1bed63
run_returns_pipeline_quant_v2.py,run_returns_pipeline_quant_v2.py,,Script run_returns_pipeline_quant_v2.py — purpose to be filled by owner,,,,,2026-01-25,unit: no; integration: no,,,,8f8106acf08d1ddd5a4d9c00e2780032a0c97e981195ea4d36544df6c62bf156
__init__.py,scripts/__init__.py,,Script __init__.py — purpose to be filled by owner,,,,,2026-01-21,unit: no; integration: no,,,,e3b0c44298fc1c149afbf4c8996fb92427ae41e4649b934ca495991b7852b855
__init__.py,scripts/analytics/__init__.py,,Script __init__.py — purpose to be filled by owner,,,,,2026-01-21,unit: no; integration: no,,,,e3b0c44298fc1c149afbf4c8996fb92427ae41e4649b934ca495991b7852b855
aggregate_verification_weekly.py,scripts/analytics/aggregate_verification_weekly.py,,Script aggregate_verification_weekly.py — purpose to be filled by owner,,,,,2026-02-04,unit: no; integration: no,,,,5c8938e74269067dd80c81a3c242804ab6f13126944da2360f5cf2fc63dd0d37
attribution_engine_v1.py,scripts/analytics/attribution_engine_v1.py,,Script attribution_engine_v1.py — purpose to be filled by owner,,,,,2026-01-25,unit: no; integration: no,,,,4ff55f4c5f929ca04f9667f3685c3b3c2300397772ec6b632583661a0f66b7cd
attribution_regime_quant_v1.py,scripts/analytics/attribution_regime_quant_v1.py,,Script attribution_regime_quant_v1.py — purpose to be filled by owner,,,,,2026-01-29,unit: no; integration: no,,,,944400fb04d64b36b2a060eec208809e32fd315d4d0180582039b6c2301eedf5
attribution_dashboard_v1.py,scripts/analytics/attribution_suite_v1/attribution_dashboard_v1.py,,Script attribution_dashboard_v1.py — purpose to be filled by owner,,,,,2026-01-24,unit: no; integration: no,,,,f7f0b3b1fa2785e5369dff0229a895d148fdb7814b52aa6eab2ff6a459b04086
attribution_diagnostics_v1.py,scripts/analytics/attribution_suite_v1/attribution_diagnostics_v1.py,,Script attribution_diagnostics_v1.py — purpose to be filled by owner,,,,,2026-01-23,unit: no; integration: no,,,,8d7fdbccbf54d55124c79709190ba73cf083bee77ba41f9aee818ff6dc066213
attribution_expected_vs_realised_v1.py,scripts/analytics/attribution_suite_v1/attribution_expected_vs_realised_v1.py,,Script attribution_expected_vs_realised_v1.py — purpose to be filled by owner,,,,,2026-01-24,unit: no; integration: no,,,,25983baa52e4da673a319b5ae181ccb04ae91ee4770d93239c4d8a3167360431
attribution_regime_summary_v1.py,scripts/analytics/attribution_suite_v1/attribution_regime_summary_v1.py,,Script attribution_regime_summary_v1.py — purpose to be filled by owner,,,,,2026-01-23,unit: no; integration: no,,,,12735a8d50994d8f5b961da582ccf929cd4314f673ff2ec7e0c77c54ff730c4e
attribution_rolling_v1.py,scripts/analytics/attribution_suite_v1/attribution_rolling_v1.py,,Script attribution_rolling_v1.py — purpose to be filled by owner,,,,,2026-01-23,unit: no; integration: no,,,,fb0c766bead35e9e4105df5f0df98358b85e5dd358c1679f5c2b0f5a7cddaa0a
attribution_sector_v1.py,scripts/analytics/attribution_suite_v1/attribution_sector_v1.py,,Script attribution_sector_v1.py — purpose to be filled by owner,,,,,2026-01-23,unit: no; integration: no,,,,d7224c5956525d07d2f6de177b4bb3a9296a9736788bf9bf20c647b8cf4a8511
build_positions_timeseries_v1.py,scripts/analytics/attribution_suite_v1/build_positions_timeseries_v1.py,,Script build_positions_timeseries_v1.py — purpose to be filled by owner,,,,,2026-01-24,unit: no; integration: no,,,,95c1d07422c5a90c9cf7e85edfd9c1f0ab26cbe4b1a9f2ebc4116d6f0c87ee7a
factor_returns_alignment_v1.py,scripts/analytics/attribution_suite_v1/factor_returns_alignment_v1.py,,Script factor_returns_alignment_v1.py — purpose to be filled by owner,,,,,2026-01-23,unit: no; integration: no,,,,e075323b082137237a62db2936ffc7de63ec0511fd29ffee160dea5f3539c8cf
liquidity_costs_enhanced_v1.py,scripts/analytics/attribution_suite_v1/liquidity_costs_enhanced_v1.py,,Script liquidity_costs_enhanced_v1.py — purpose to be filled by owner,,,,,2026-01-24,unit: no; integration: no,,,,c837dd9d0bd44439e88bc39c3918be941d7c09a2c147816a14f7598ab4e7314f
logging_attribution_suite_v1.py,scripts/analytics/attribution_suite_v1/logging_attribution_suite_v1.py,,Script logging_attribution_suite_v1.py — purpose to be filled by owner,,,,,2026-01-23,unit: no; integration: no,,,,75fd077329cb8b38035cf21cf7ad0c00a992867cff74fb897d5245f15afae1cb
run_attribution_suite_v1.py,scripts/analytics/attribution_suite_v1/run_attribution_suite_v1.py,,Script run_attribution_suite_v1.py — purpose to be filled by owner,,,,,2026-01-24,unit: no; integration: no,,,,8b758e65fd9c1d170ef48e05252eb529d92c041809be6639dd9024acb351a3d6
auto_fix_strategy_returns.py,scripts/analytics/auto_fix_strategy_returns.py,,Script auto_fix_strategy_returns.py — purpose to be filled by owner,,,,,2026-02-02,unit: no; integration: no,,,,9505c92c46e52503834cc7076bbb695cd65ee542f51f66be9d741bfd7e11dcd5
backtest_engine_quant_v1.py,scripts/analytics/backtest_engine_quant_v1.py,,Script backtest_engine_quant_v1.py — purpose to be filled by owner,,,,,2026-01-21,unit: no; integration: no,,,,a907743ca240bdc57ba2ad15763cf936edb3966432aff511b939d284c8268b9b
build_attribution_quant_v2.py,scripts/analytics/build_attribution_quant_v2.py,,Script build_attribution_quant_v2.py — purpose to be filled by owner,,,,,2026-01-31,unit: no; integration: no,,,,58a179b877100aafa15763f5e1cd09edda04461efaf5495252ece655f1c46a00
build_combined_analytics.py,scripts/analytics/build_combined_analytics.py,,Script build_combined_analytics.py — purpose to be filled by owner,,,,,2026-01-29,unit: no; integration: no,,,,809d36b1bf8f2de2823c1e600f8c1c70b37ad8ae4ebdb664f6cf376f637a8048
build_factor_exposure_report_quant_v1.py,scripts/analytics/build_factor_exposure_report_quant_v1.py,,Script build_factor_exposure_report_quant_v1.py — purpose to be filled by owner,,,,,2026-01-31,unit: no; integration: no,,,,e082755ccd018e791cf5c65b6203bd6c375ffb2c6c0c317358bc51994394b7c0
build_performance_quant_v2.py,scripts/analytics/build_performance_quant_v2.py,,Script build_performance_quant_v2.py — purpose to be filled by owner,,,,,2026-01-31,unit: no; integration: no,,,,5e2e850a391ed60a761a250881976ad7c7fa4ed46469246c06c214513f0fe41c
build_portfolio_performance_quant_v1.py,scripts/analytics/build_portfolio_performance_quant_v1.py,,Script build_portfolio_performance_quant_v1.py — purpose to be filled by owner,,,,,2026-01-31,unit: no; integration: no,,,,de5a2209d778eebd63d2d36f85e268861e9862b07a87761aeb3ebcd45ce01243
build_portfolio_quant_v2_from_positions.py,scripts/analytics/build_portfolio_quant_v2_from_positions.py,,Script build_portfolio_quant_v2_from_positions.py — purpose to be filled by owner,,,,,2026-02-01,unit: no; integration: no,,,,614d47739c202168bc1c9839eeb12dc8b76596650c79bd485e78313f52fe46f4
build_strategy_returns_from_attr.py,scripts/analytics/build_strategy_returns_from_attr.py,,Script build_strategy_returns_from_attr.py — purpose to be filled by owner,,,,,2026-02-02,unit: no; integration: no,,,,13ec8b99bed3a01053be57979b3c1be445295429139a3007ca547e7a3e396b9e
build_strategy_returns_full.py,scripts/analytics/build_strategy_returns_full.py,,Script build_strategy_returns_full.py — purpose to be filled by owner,,,,,2026-02-02,unit: no; integration: no,,,,8e2bc0d10b959647987704995deb5be4a2c3072eb16f60436fad1606e18763e9
build_turnover_regime_quant_v1.py,scripts/analytics/build_turnover_regime_quant_v1.py,,Script build_turnover_regime_quant_v1.py — purpose to be filled by owner,,,,,2026-01-31,unit: no; integration: no,,,,5cea1046c5432d6e7cd51f6b17d60b2c1ed530c6d5ef5acd9e684a054abc5c19
composite_signal_quant_v1.py,scripts/analytics/composite_signal_quant_v1.py,,Script composite_signal_quant_v1.py — purpose to be filled by owner,,,,,2026-01-22,unit: no; integration: no,,,,5e0a84f221495f244cb62f6eecf636cc7510edf9dd7dfa82149e72c41d83d365
ensemble_portfolio_quant_v1.py,scripts/analytics/ensemble_portfolio_quant_v1.py,,Script ensemble_portfolio_quant_v1.py — purpose to be filled by owner,,,,,2026-01-22,unit: no; integration: no,,,,82c3be3108ec379b239423ae99deb9572ae36154b657fd6e548963f8e90f8c5c
ensemble_signal_quant_v1.py,scripts/analytics/ensemble_signal_quant_v1.py,,Script ensemble_signal_quant_v1.py — purpose to be filled by owner,,,,,2026-01-22,unit: no; integration: no,,,,e01aebc775beb346bf2df966ed6be5cd9d9e1557e49379e622263e456a9d7188
expected_return_ingestion_quant_v1.py,scripts/analytics/expected_return_ingestion_quant_v1.py,,Script expected_return_ingestion_quant_v1.py — purpose to be filled by owner,,,,,2026-01-22,unit: no; integration: no,,,,33e1f340ba449e4feff2560fc07e0b0a0fdb7f223713d945360d41b0e94de46b
factor_engine_quant_v1.py,scripts/analytics/factor_engine_quant_v1.py,,Script factor_engine_quant_v1.py — purpose to be filled by owner,,,,,2026-01-21,unit: no; integration: no,,,,baea88fc381937671cf92b50de94d61cb38e363da98fceab0e9f08bf8e664fec
factor_exposure_report_quant_v1.py,scripts/analytics/factor_exposure_report_quant_v1.py,,Script factor_exposure_report_quant_v1.py — purpose to be filled by owner,,,,,2026-01-25,unit: no; integration: no,,,,56374d339a348f7e419209b4bed84a6ec2992ebb61a85b5b62940481bfd0d88d
factor_neutrality_engine_quant_v1.py,scripts/analytics/factor_neutrality_engine_quant_v1.py,,Script factor_neutrality_engine_quant_v1.py — purpose to be filled by owner,,,,,2026-01-22,unit: no; integration: no,,,,476aff9fdde3f2e5d4b6dfc7afcff817ff46cab2281005fef106c6e90baba0f8
factor_returns_quant_v1.py,scripts/analytics/factor_returns_quant_v1.py,,Script factor_returns_quant_v1.py — purpose to be filled by owner,,,,,2026-01-25,unit: no; integration: no,,,,a4c3d9fbdd7dfbeb3a85ad627b26e18158f7da21383f496b5b5600c73e98803d
fix_strategy_returns_cum.py,scripts/analytics/fix_strategy_returns_cum.py,,Script fix_strategy_returns_cum.py — purpose to be filled by owner,,,,,2026-02-02,unit: no; integration: no,,,,760f4fc5b46abb9d3d031cf0bafedcf3e25149f2c15452e82fecf4f5627b4be4
generate_verification_report.py,scripts/analytics/generate_verification_report.py,,Script generate_verification_report.py — purpose to be filled by owner,,,,,2026-02-02,unit: no; integration: no,,,,f894bf2e9591358ebe6215a52d0f680545b8106e058cd15542c0a00355a51db0
internal_factor_exposure_engine_quant_v1.py,scripts/analytics/internal_factor_exposure_engine_quant_v1.py,,Script internal_factor_exposure_engine_quant_v1.py — purpose to be filled by owner,,,,,2026-01-23,unit: no; integration: no,,,,023d2c38aae16490b4a4d36ce6793e99883571a3e0adb4dfb19421fd9c5c4411
liquidity_cost_model_quant_v1.py,scripts/analytics/liquidity_cost_model_quant_v1.py,,Script liquidity_cost_model_quant_v1.py — purpose to be filled by owner,,,,,2026-01-22,unit: no; integration: no,,,,021eea88987701bc51ecc35bed8911063dc38bf1896a26af7c9814456b80e4b5
market_liquidity_ingestion_quant_v1.py,scripts/analytics/market_liquidity_ingestion_quant_v1.py,,Script market_liquidity_ingestion_quant_v1.py — purpose to be filled by owner,,,,,2026-01-22,unit: no; integration: no,,,,530fc80299c2224e0e4d1989aae40629fdac6b778fdf54881dd2c78738978d54
multi_horizon_signal_quant_v1.py,scripts/analytics/multi_horizon_signal_quant_v1.py,,Script multi_horizon_signal_quant_v1.py — purpose to be filled by owner,,,,,2026-01-22,unit: no; integration: no,,,,e8d52583516277a2e1995622dc962e729acb312a1321188287978f4bf8d19221
optimiser_performance_report_quant_v1.py,scripts/analytics/optimiser_performance_report_quant_v1.py,,Script optimiser_performance_report_quant_v1.py — purpose to be filled by owner,,,,,2026-01-22,unit: no; integration: no,,,,c4a62f2beff8e8460569112c773f48d8844af2f32c332b1c579ea590ae82a4a3
optimiser_quant_v2.py,scripts/analytics/optimiser_quant_v2.py,,Script optimiser_quant_v2.py — purpose to be filled by owner,,,,,2026-01-22,unit: no; integration: no,,,,91906e1b6f5bfc85e5c9d55123e5ecae6b5a6e6eef325b32b5a26b231c52aee4
optimiser_regime_quant_v1.py,scripts/analytics/optimiser_regime_quant_v1.py,,Script optimiser_regime_quant_v1.py — purpose to be filled by owner,,,,,2026-01-25,unit: no; integration: no,,,,88069bdb75aad25a9bc2ec47146bee1bff2730ecc0227601ac5215a2fcfcdb14
patch_risk_model_add_idio_var_quant_v1.py,scripts/analytics/patch_risk_model_add_idio_var_quant_v1.py,,Script patch_risk_model_add_idio_var_quant_v1.py — purpose to be filled by owner,,,,,2026-01-31,unit: no; integration: no,,,,f4d6963facd677bca687e52c9a13f87c50faa54166627038797f7348c3937f29
performance_engine_quant_v1.py,scripts/analytics/performance_engine_quant_v1.py,,Script performance_engine_quant_v1.py — purpose to be filled by owner,,,,,2026-01-21,unit: no; integration: no,,,,9a8e6f7229b0db914839b36a4e1489e1b6a8bff70169cf05d291813dba8510d0
portfolio_engine_quant_v1.py,scripts/analytics/portfolio_engine_quant_v1.py,,Script portfolio_engine_quant_v1.py — purpose to be filled by owner,,,,,2026-01-22,unit: no; integration: no,,,,1c35c1b0828195de9a8204b50cd042c320dd520d11ffdff19c3bf2ed927bb30b
portfolio_engine_quant_v2.py,scripts/analytics/portfolio_engine_quant_v2.py,,Script portfolio_engine_quant_v2.py — purpose to be filled by owner,,,,,2026-01-23,unit: no; integration: no,,,,8cef86df59738b0cfa8c098760725f7bf9b80ea53671dde76b5cb458d61cd39c
portfolio_performance_v2.py,scripts/analytics/portfolio_performance_v2.py,,Script portfolio_performance_v2.py — purpose to be filled by owner,,,,,2026-01-22,unit: no; integration: no,,,,edfe93bd18d10ebeab8ba760f75a8e6e77ce22998824b673b8a05ecccd9bee36
position_sizing_engine_quant_v1.py,scripts/analytics/position_sizing_engine_quant_v1.py,,Script position_sizing_engine_quant_v1.py — purpose to be filled by owner,,,,,2026-01-22,unit: no; integration: no,,,,1e0e92bda7bcdae4a016eaf8948feb900975633ef8498985c0e0013485d89649
position_sizing_engine_quant_v1_osqp.py,scripts/analytics/position_sizing_engine_quant_v1_osqp.py,,Script position_sizing_engine_quant_v1_osqp.py — purpose to be filled by owner,,,,,2026-01-22,unit: no; integration: no,,,,febd5fe8db3c2d3fdaa67c845301e26c23e35670e3e4f01105b73e9bf67f9e34
position_sizing_engine_quant_v1_regime.py,scripts/analytics/position_sizing_engine_quant_v1_regime.py,,Script position_sizing_engine_quant_v1_regime.py — purpose to be filled by owner,,,,,2026-01-25,unit: no; integration: no,,,,7db1b845079d9368806289baf6b9a376146f9577f4cbd47a790165b109b74883
print_verification_headers.py,scripts/analytics/print_verification_headers.py,,Script print_verification_headers.py — purpose to be filled by owner,,,,,2026-02-02,unit: no; integration: no,,,,7a39817c4c94c07966e824b9db35221ac06116c2b44a5d6a2ba8d6473900cce8
quant_alpha_engine_v2.py,scripts/analytics/quant_alpha_engine_v2.py,,Script quant_alpha_engine_v2.py — purpose to be filled by owner,,,,,2026-01-23,unit: no; integration: no,,,,93c74f0a1eb7a478c6c4cd340ac6e6202ba98e072ede2317b0a5fa3e29a4a4fd
quant_attribution_tradable_v1.py,scripts/analytics/quant_attribution_tradable_v1.py,,Script quant_attribution_tradable_v1.py — purpose to be filled by owner,,,,,2026-01-23,unit: no; integration: no,,,,10c1585dad466ca91962072a57ef244dd76eac0387d3a8fb04f44faf421c86b5
quant_attribution_v1.py,scripts/analytics/quant_attribution_v1.py,,Script quant_attribution_v1.py — purpose to be filled by owner,,,,,2026-01-29,unit: no; integration: no,,,,6cacf3eb7eb3879739e05d916c1f1e23f6612b2d986a7037f6b68cf721ea93a9
quant_attribution_v1_1.py,scripts/analytics/quant_attribution_v1_1.py,,Script quant_attribution_v1_1.py — purpose to be filled by owner,,,,,2026-01-29,unit: no; integration: no,,,,824914d474fdeb6e290b0733c5320807816960d9d0f7ab6f3e218e0348bd0b4c
quant_backtest_pnl_v1.py,scripts/analytics/quant_backtest_pnl_v1.py,,Script quant_backtest_pnl_v1.py — purpose to be filled by owner,,,,,2026-01-23,unit: no; integration: no,,,,255e40abc273f2f847739b569c772bbada906600fcddc1296a152a9c0333654d
quant_backtest_regime_10stock_v1.py,scripts/analytics/quant_backtest_regime_10stock_v1.py,,Script quant_backtest_regime_10stock_v1.py — purpose to be filled by owner,,,,,2026-01-25,unit: no; integration: no,,,,4fc9e23968098a467c8b1c089889dba9db5a55d8c51d6b0720f912b3d28c5fdf
quant_backtest_v1.py,scripts/analytics/quant_backtest_v1.py,,Script quant_backtest_v1.py — purpose to be filled by owner,,,,,2026-01-23,unit: no; integration: no,,,,7c295288243d7bbc076c09649ae85ab4be0657ae7ddb3d903b430724543aceb0
realized_returns_v1.py,scripts/analytics/realized_returns_v1.py,,Script realized_returns_v1.py — purpose to be filled by owner,,,,,2026-01-23,unit: no; integration: no,,,,b13ba79cd5b794fa266d21907f33c34f63dd4430bd950e4d56f8a511a0a6c62d
regime_adjustments_quant_v1.py,scripts/analytics/regime_adjustments_quant_v1.py,,Script regime_adjustments_quant_v1.py — purpose to be filled by owner,,,,,2026-01-23,unit: no; integration: no,,,,47bf2e492573dd15b7845f77baf137a9f24e75fc68a012f7d8bd6dbf20a31d83
regime_awareness_quant_v1.py,scripts/analytics/regime_awareness_quant_v1.py,,Script regime_awareness_quant_v1.py — purpose to be filled by owner,,,,,2026-01-22,unit: no; integration: no,,,,514115bfdc93e01750d2682b0b696af9443b2f421067c40d7265b252224326e9
regime_classifier_quant_v1.py,scripts/analytics/regime_classifier_quant_v1.py,,Script regime_classifier_quant_v1.py — purpose to be filled by owner,,,,,2026-01-23,unit: no; integration: no,,,,a598964433e06e5b3a3c25b9ff8754d7843f40af0d0dbeb459e1115fa0b87a7a
regime_exposure_quant_v1.py,scripts/analytics/regime_exposure_quant_v1.py,,Script regime_exposure_quant_v1.py — purpose to be filled by owner,,,,,2026-01-22,unit: no; integration: no,,,,1509b92f06326b283d175183a09665f62c165cc7a85f18cdcc66e6ee403eea48
regime_factor_weighting_quant_v1.py,scripts/analytics/regime_factor_weighting_quant_v1.py,,Script regime_factor_weighting_quant_v1.py — purpose to be filled by owner,,,,,2026-01-25,unit: no; integration: no,,,,1a9dc098e94c51e69380c83349b52555e73fa42c52e60818e31b824138fbbc3e
regime_portfolio_controls_quant_v1.py,scripts/analytics/regime_portfolio_controls_quant_v1.py,,Script regime_portfolio_controls_quant_v1.py — purpose to be filled by owner,,,,,2026-01-23,unit: no; integration: no,,,,b249f3b5fb3b74c2dd7dfc7c1a5e1eb986faf0da7df1f7f92ae5575fa8fec859
regime_suite_runner_quant_v1.py,scripts/analytics/regime_suite_runner_quant_v1.py,,Script regime_suite_runner_quant_v1.py — purpose to be filled by owner,,,,,2026-01-25,unit: no; integration: no,,,,fe1a0fbaa49cdf04a2de3f6b16e680ea439f5c8806c3569f7cff4f2f61c0946a
reporting_engine_v1.py,scripts/analytics/reporting_engine_v1.py,,Script reporting_engine_v1.py — purpose to be filled by owner,,,,,2026-01-24,unit: no; integration: no,,,,1db9c4d7e6b9c3c2ad944ee8908bd0a2ce538de1254eea97ac601e585bd1470c
restore_date_and_run_agg.py,scripts/analytics/restore_date_and_run_agg.py,,Script restore_date_and_run_agg.py — purpose to be filled by owner,,,,,2026-02-02,unit: no; integration: no,,,,a8ab8fc2cfe63d939b58a1d9a556d884b16e28af89f508dbf3a043416fd16a6a
restore_prices_date_and_run.py,scripts/analytics/restore_prices_date_and_run.py,,Script restore_prices_date_and_run.py — purpose to be filled by owner,,,,,2026-02-02,unit: no; integration: no,,,,9dd8fd3f3e1114d01ac5a3a61de05dc2ac6963dc946bee659a6966620fab4fb9
return_engine.py,scripts/analytics/return_engine.py,,Script return_engine.py — purpose to be filled by owner,,,,,2026-01-25,unit: no; integration: no,,,,367af9d200d7df30d0946b14d67d65c1419bcf63da82a0416552b978c6a3f157
returns_panel_v1.py,scripts/analytics/returns_panel_v1.py,,Script returns_panel_v1.py — purpose to be filled by owner,,,,,2026-01-22,unit: no; integration: no,,,,a76e0ce24df02b41eec06a9a421c8fdb02ec2b76627ee26a22da0b61242e1d04
returns_timeseries_quant_v1.py,scripts/analytics/returns_timeseries_quant_v1.py,,Script returns_timeseries_quant_v1.py — purpose to be filled by owner,,,,,2026-01-25,unit: no; integration: no,,,,ebc344648c3f5f65ecf731c7a068ba74f307442d871b78b27e96d17490a612a1
risk_controls_quant_v1.py,scripts/analytics/risk_controls_quant_v1.py,,Script risk_controls_quant_v1.py — purpose to be filled by owner,,,,,2026-01-22,unit: no; integration: no,,,,e7416d59c0ec297334b8d4ffc82280586221f4727043d9688c2175da5f821bef
risk_engine_v1.py,scripts/analytics/risk_engine_v1.py,,Script risk_engine_v1.py — purpose to be filled by owner,,,,,2026-01-24,unit: no; integration: no,,,,17689ead11ca00772f765b14a8f533b6c2567a64b0ef99cf2c5bfda48cc0d18f
risk_model_quant_v1.py,scripts/analytics/risk_model_quant_v1.py,,Script risk_model_quant_v1.py — purpose to be filled by owner,,,,,2026-01-22,unit: no; integration: no,,,,32367bbe1b0e9ef0da4089f65db525016aabf5d22336fbde49becb7985d73b2b
risk_model_regime_quant_v1.py,scripts/analytics/risk_model_regime_quant_v1.py,,Script risk_model_regime_quant_v1.py — purpose to be filled by owner,,,,,2026-01-23,unit: no; integration: no,,,,5aac8844c5c7bd875be2851529e488bc7ada9bac171d9cbca0329f6e536c2e11
risk_neutral_portfolio_quant_v1.py,scripts/analytics/risk_neutral_portfolio_quant_v1.py,,Script risk_neutral_portfolio_quant_v1.py — purpose to be filled by owner,,,,,2026-01-22,unit: no; integration: no,,,,a9659d3fb3e2b5df3aba1a74c70801f9ad3b31c4d752238ff2010e4e41b17c89
risk_regime_quant_v1.py,scripts/analytics/risk_regime_quant_v1.py,,Script risk_regime_quant_v1.py — purpose to be filled by owner,,,,,2026-01-25,unit: no; integration: no,,,,3e8537e92ff0b69211c68164fd2281d4e6e3feb3418d976ca6ba0a2e416a06c2
risk_report_quant_v1.py,scripts/analytics/risk_report_quant_v1.py,,Script risk_report_quant_v1.py — purpose to be filled by owner,,,,,2026-01-22,unit: no; integration: no,,,,67f290f0c1fdc56aa1ffcd5e92a526dc5255ecf8a3889302f1210a5708f390d1
signal_engine_v1_2.py,scripts/analytics/signal_engine_v1_2.py,,Script signal_engine_v1_2.py — purpose to be filled by owner,,,,,2026-01-25,unit: no; integration: no,,,,6fdc5ac4a14306fd10bfdf0964fbda935da69f3fdeba7459d46e0fda7a9c4b30
summary_engine_v1.py,scripts/analytics/summary_engine_v1.py,,Script summary_engine_v1.py — purpose to be filled by owner,,,,,2026-01-24,unit: no; integration: no,,,,521282e6a8823c853068050a169483a32cbb876d06e87b7f708dd4e93b843682
test_selection_gate.py,scripts/analytics/test_selection_gate.py,,Script test_selection_gate.py — purpose to be filled by owner,,,,,2026-02-02,unit: no; integration: no,,,,6a3258e95f2a5b6be0e09618246b36609fe3fe1b5ff0dda2c16d716fc6e872fb
turnover_optimisation_quant_v1.py,scripts/analytics/turnover_optimisation_quant_v1.py,,Script turnover_optimisation_quant_v1.py — purpose to be filled by owner,,,,,2026-01-22,unit: no; integration: no,,,,912f326ed71728a86414d7670b50b6270d7b3e36a05fa9beac9b3dfd4836ebc4
turnover_regime_quant_v1.py,scripts/analytics/turnover_regime_quant_v1.py,,Script turnover_regime_quant_v1.py — purpose to be filled by owner,,,,,2026-01-25,unit: no; integration: no,,,,f9009b877a2ae83635acbf9d6c62dd9e822396f1786ad1fb31238660008e8bec
turnover_report_quant_v1.py,scripts/analytics/turnover_report_quant_v1.py,,Script turnover_report_quant_v1.py — purpose to be filled by owner,,,,,2026-01-22,unit: no; integration: no,,,,d17b6f0156b6119266d35f3afb9474adf4a08ab92612dd5eb7872e9493fdf09e
vol_target_quant_v1.py,scripts/analytics/vol_target_quant_v1.py,,Script vol_target_quant_v1.py — purpose to be filled by owner,,,,,2026-01-22,unit: no; integration: no,,,,73144bee9629bd435f0be4a8a429b6fbf402c7216d1dee87bc77b11a6cff56a3
weekly_picks_quant_v1.py,scripts/analytics/weekly_picks_quant_v1.py,,Script weekly_picks_quant_v1.py — purpose to be filled by owner,,,,,2026-02-02,unit: no; integration: no,,,,c424ce4a845a7993643b33e52fd41c44dab7c91260c23588d2adb2a1074498a7
analytics_suite_runner.py,scripts/analytics_suite_runner.py,,Script analytics_suite_runner.py — purpose to be filled by owner,,,,,2026-01-25,unit: no; integration: no,,,,5397fd99229e66a32137f60d395a8c8a9856445e400591f9765f838e69ffcf5a
apply_and_run_safe_match_patch.py,scripts/apply_and_run_safe_match_patch.py,,Script apply_and_run_safe_match_patch.py — purpose to be filled by owner,,,,,2026-02-03,unit: no; integration: no,,,,5cd53b240f9aa78f1113b281b2fecb67450b70b0f57c2512d404cf08a39678e2
apply_safe_match_patch_and_run.py,scripts/apply_safe_match_patch_and_run.py,,Script apply_safe_match_patch_and_run.py — purpose to be filled by owner,,,,,2026-02-03,unit: no; integration: no,,,,f1945cd6c19e56b3c1c78943ef5ec18116907a4ca1efc40a57d48ab1db7adfc5
run_daily_attribution.py,scripts/automation/run_daily_attribution.py,,Script run_daily_attribution.py — purpose to be filled by owner,,,,,2026-01-25,unit: no; integration: no,,,,a82d53fcc12f2435c203f941e4a63a74544c63c5d3b275227ef973783ddb909c
backtest_10stock_weekly.py,scripts/backtest/backtest_10stock_weekly.py,,Script backtest_10stock_weekly.py — purpose to be filled by owner,,,,,2026-01-25,unit: no; integration: no,,,,ab9c5ed678e820a512d6bac8c346cb29525180f0f879bdab950789d7f55ee532
backtest_longonly_weekly.py,scripts/backtest/backtest_longonly_weekly.py,,Script backtest_longonly_weekly.py — purpose to be filled by owner,,,,,2026-01-29,unit: no; integration: no,,,,27a5066f2efa0ae98b2ad547350e5469bada10f9bc47d4705c6a05c4d22e63f1
backtest_longshort_weekly.py,scripts/backtest/backtest_longshort_weekly.py,,Script backtest_longshort_weekly.py — purpose to be filled by owner,,,,,2026-01-29,unit: no; integration: no,,,,279268d2758753efae9ad7d08d39e444944a68d211a0762cdb64e351dc517cb7
backtest_weekly_quant_v1.py,scripts/backtest/backtest_weekly_quant_v1.py,,Script backtest_weekly_quant_v1.py — purpose to be filled by owner,,,,,2026-01-25,unit: no; integration: no,,,,e53eec17dc28c0489cbb87687beb8a633eac5d3a9fb36f989edd4d8a39cbd390
bootstrap_quant_v1.py,scripts/bootstrap/bootstrap_quant_v1.py,,Script bootstrap_quant_v1.py — purpose to be filled by owner,,,,,2026-01-25,unit: no; integration: no,,,,fd7624234fe8d7965fdc3dcdc348a5ddf68bd6bf938ba00e6a67fb26880a039b
app.py,scripts/dashboard/app.py,,Script app.py — purpose to be filled by owner,,,,,2026-02-03,unit: no; integration: no,,,,46880b35e4f93ce01c635296502f909c47f1478bc160720f2fe14e8801e1b0fc
create_performance_file.py,scripts/dashboard/create_performance_file.py,,Script create_performance_file.py — purpose to be filled by owner,,,,,2026-01-31,unit: no; integration: no,,,,1d6d125e4b74adb6c97ebab9b95bf3b033289a62589c034eaf7c1d01691b6dae
dashboard_app.py,scripts/dashboard/dashboard_app.py,,Script dashboard_app.py — purpose to be filled by owner,,,,,2026-02-04,unit: no; integration: no,,,,cd8dc7debc63ef362865f0bc1ab83f7a39303a2e91e553c3e4b3d91e5f07d211
dashboard_full.py,scripts/dashboard/dashboard_full.py,,Script dashboard_full.py — purpose to be filled by owner,,,,,2026-02-04,unit: no; integration: no,,,,1fd75521ebf8ba0cf23793d97fee11be96ae2f799f1f00d92795399118385a58
dashboard_quant_v2.py,scripts/dashboard/dashboard_quant_v2.py,,Script dashboard_quant_v2.py — purpose to be filled by owner,,,,,2026-02-01,unit: no; integration: no,,,,ebd66d6014d8adfede1e5019e4e7a6068bab0851ffd80fb4bd10ec02d64b105f
dashboard_quant_v3.py,scripts/dashboard/dashboard_quant_v3.py,,Script dashboard_quant_v3.py — purpose to be filled by owner,,,,,2026-02-02,unit: no; integration: no,,,,fd3233979aff511f0fa0e56f1145713e51f5694ca35db7916b7edcfe2bef3dfe
dashboard_visuals.py,scripts/dashboard/dashboard_visuals.py,,Script dashboard_visuals.py — purpose to be filled by owner,,,,,2026-02-04,unit: no; integration: no,,,,46e4b9d96fd84fb69a746ad4c3060d3ba55a7f1003cfc3df7ff9a5ac5eedbe45
__init__.py,scripts/dashboard/diagnostics/__init__.py,,Script __init__.py — purpose to be filled by owner,,,,,2026-02-01,unit: no; integration: no,,,,e62c3162f7e4e55b5171a9ebceeda9990d5c334f4ec5dba2108e1f860bbf8486
alpha_validation.py,scripts/dashboard/diagnostics/alpha_validation.py,,Script alpha_validation.py — purpose to be filled by owner,,,,,2026-02-01,unit: no; integration: no,,,,bedeb2c8463118f53565da43671039b6167b26b935a8f13676dda8f35222be23
drawdowns.py,scripts/dashboard/diagnostics/drawdowns.py,,Script drawdowns.py — purpose to be filled by owner,,,,,2026-02-01,unit: no; integration: no,,,,bff5c0fce919095318e86855a189f6e35c57e83515bfeea35bcae5a9a6b2eeb2
factor_risk.py,scripts/dashboard/diagnostics/factor_risk.py,,Script factor_risk.py — purpose to be filled by owner,,,,,2026-02-01,unit: no; integration: no,,,,6f6a3b6873b7279f09b485ffb99a66cc16154e983c81a24107d60a571e71ebcd
layout.py,scripts/dashboard/diagnostics/layout.py,,Script layout.py — purpose to be filled by owner,,,,,2026-01-31,unit: no; integration: no,,,,69b6e5d928badfc062521c458d0bfd6a0bb2b6f6a8bddd8e14bc13283cf403ae
performance.py,scripts/dashboard/diagnostics/performance.py,,Script performance.py — purpose to be filled by owner,,,,,2026-02-01,unit: no; integration: no,,,,f2bcbff2a4bda167ecc912b5a5d02051d342f2dfb73ee2aed145e98f3bd0a68f
strategy_compare.py,scripts/dashboard/diagnostics/strategy_compare.py,,Script strategy_compare.py — purpose to be filled by owner,,,,,2026-02-01,unit: no; integration: no,,,,98167e854e56abb2ea767d3b2d6aafbaa80189d691023e54fcb0110a4f2b5462
summary.py,scripts/dashboard/diagnostics/summary.py,,Script summary.py — purpose to be filled by owner,,,,,2026-02-01,unit: no; integration: no,,,,542d0cd0e408dbc204778b3c45206027c088c2e1ae854304e751ee3aebbac166
turnover.py,scripts/dashboard/diagnostics/turnover.py,,Script turnover.py — purpose to be filled by owner,,,,,2026-02-01,unit: no; integration: no,,,,4391f8fcd68ce86d0f3ea719580159f2eaf37a8ff6df2599cc0ceaaf5786500f
diagnostics_sanity_check.py,scripts/dashboard/diagnostics_sanity_check.py,,Script diagnostics_sanity_check.py — purpose to be filled by owner,,,,,2026-02-01,unit: no; integration: no,,,,e22ee2a8d47e4ed7158a4fc578d01ef39f5881eae073936ce520f4e2c6e35367
scan_callbacks.py,scripts/dashboard/scan_callbacks.py,,Script scan_callbacks.py — purpose to be filled by owner,,,,,2026-02-01,unit: no; integration: no,,,,2f2e7f697555a4c9603d36036f47329750ca8fc3c29944107571df67de42db66
scan_diag.py,scripts/dashboard/scan_diag.py,,Script scan_diag.py — purpose to be filled by owner,,,,,2026-02-01,unit: no; integration: no,,,,f19255fdf07aca47e11f479df8f756424c0e79201cbc49cbc36be8ec8b2d5f3f
diag_ingest.py,scripts/diag_ingest.py,,Script diag_ingest.py — purpose to be filled by owner,,,,,2026-02-03,unit: no; integration: no,,,,1ce7b82f25d2f51492f8378b6c7b78ffd5abd30babac3790bbe0863d5b0330ea
diag_weekly_build.py,scripts/diag_weekly_build.py,,Script diag_weekly_build.py — purpose to be filled by owner,,,,,2026-02-03,unit: no; integration: no,,,,ba846cba5d2b21eb9493ff41382088d893cac337092cf660515b13b5ac145cf7
inspect_attribution.py,scripts/diagnostics/inspect_attribution.py,,Script inspect_attribution.py — purpose to be filled by owner,,,,,2026-02-02,unit: no; integration: no,,,,b56a8df83fb7555ae8b40394c1d5b574f75d0e9bd5aeff86f9b0c50a49d69703
inspect_csvs_quant_v1.py,scripts/diagnostics/inspect_csvs_quant_v1.py,,Script inspect_csvs_quant_v1.py — purpose to be filled by owner,,,,,2026-01-23,unit: no; integration: no,,,,649d5ef2d949415bd4a1166b628876513bece01e51c27412b0696aafbec660c2
verify_quant.py,scripts/diagnostics/verify_quant.py,,Script verify_quant.py — purpose to be filled by owner,,,,,2026-02-02,unit: no; integration: no,,,,ed85c3afabfd703b89b8eceb2a0bc4a487530d16b91f6d0003fc3caf49ecbd5d
enrich_daily.py,scripts/enrichment/enrich_daily.py,,Script enrich_daily.py — purpose to be filled by owner,,,,,2026-01-25,unit: no; integration: no,,,,eb3a04ee2d2d848a15652d68f179bbd15adaa046b426d5726189332dfd1235f0
enrichment_10stock_weekly.py,scripts/enrichment/enrichment_10stock_weekly.py,,Script enrichment_10stock_weekly.py — purpose to be filled by owner,,,,,2026-01-25,unit: no; integration: no,,,,79bff6f8da9b9dec9b1e8d2f5827ed95dfb685474830235e0ddf0e4851c66fa8
enrichment_daily_quant_v1.py,scripts/enrichment/enrichment_daily_quant_v1.py,,Script enrichment_daily_quant_v1.py — purpose to be filled by owner,,,,,2026-01-21,unit: no; integration: no,,,,b66c6d56637793b437826e1ace235bd661121d63e4ff30055c2c9feca0f62ca9
ensure_and_rebuild_realized.py,scripts/ensure_and_rebuild_realized.py,,Script ensure_and_rebuild_realized.py — purpose to be filled by owner,,,,,2026-02-03,unit: no; integration: no,,,,cc868104c7c8f512efb3efb301137facf8ead42987a09d8e6552946873906364
ensure_realized_return_now.py,scripts/ensure_realized_return_now.py,,Script ensure_realized_return_now.py — purpose to be filled by owner,,,,,2026-02-03,unit: no; integration: no,,,,5789f3e0583ce0a0f54d39749e50b10194c62afeb11cd78c807b44229464a064
fix_and_run_verification.py,scripts/fix_and_run_verification.py,,Script fix_and_run_verification.py — purpose to be filled by owner,,,,,2026-02-03,unit: no; integration: no,,,,2beb8aafd640ae782390429a2a47051a1744b1a2d982a1d228cefe1a30004e11
fix_escaped_newlines.py,scripts/fix_escaped_newlines.py,,Script fix_escaped_newlines.py — purpose to be filled by owner,,,,,2026-02-03,unit: no; integration: no,,,,429ff0a87c6e21b543ecb907d8b1484a4c8a77c37fff31b39548fc0e770d84c3
fix_safe_match_indent.py,scripts/fix_safe_match_indent.py,,Script fix_safe_match_indent.py — purpose to be filled by owner,,,,,2026-02-03,unit: no; integration: no,,,,2a1d56cb871415bd61a871ddcfbf86e1bb3d1f7372cab128b7a4820ab0c67627
fix_syntax_patch.py,scripts/fix_syntax_patch.py,,Script fix_syntax_patch.py — purpose to be filled by owner,,,,,2026-02-03,unit: no; integration: no,,,,cd53316bf724e6c7d8d93ccbd4793c5d3d483ca2a1d5ef2d82137929e0c72961
force_realized_build.py,scripts/force_realized_build.py,,Script force_realized_build.py — purpose to be filled by owner,,,,,2026-02-03,unit: no; integration: no,,,,36f9385d476b58bfeb00ba503ece0d9ab692fd446be0b393e7d3f94e5bd730c4
force_realized_build_fixed.py,scripts/force_realized_build_fixed.py,,Script force_realized_build_fixed.py — purpose to be filled by owner,,,,,2026-02-03,unit: no; integration: no,,,,96a9ce00adaa5c8d5748caa8ed3925f97086df327cd562ca6d80ef8a395189a0
incremental_update_quant_v1.py,scripts/incremental/incremental_update_quant_v1.py,,Script incremental_update_quant_v1.py — purpose to be filled by owner,,,,,2026-01-21,unit: no; integration: no,,,,95e6d5798e50d2a1c8d45007b4c507256991629e705a04bb2e977ec1506b9162
__init__.py,scripts/ingestion/__init__.py,,Script __init__.py — purpose to be filled by owner,,,,,2026-01-21,unit: no; integration: no,,,,e3b0c44298fc1c149afbf4c8996fb92427ae41e4649b934ca495991b7852b855
build_fundamentals_and_risk_quant_v1.py,scripts/ingestion/build_fundamentals_and_risk_quant_v1.py,,Script build_fundamentals_and_risk_quant_v1.py — purpose to be filled by owner,,,,,2026-01-31,unit: no; integration: no,,,,b30656deaf04091eee1e3b6ad603fb9e2b79e7e6ca40a5d3defd0a135993642f
build_ingestion_parquet_quant_v1.py,scripts/ingestion/build_ingestion_parquet_quant_v1.py,,Script build_ingestion_parquet_quant_v1.py — purpose to be filled by owner,,,,,2026-01-31,unit: no; integration: no,,,,8cc608e9d053ff48cacf702b261b8e045dd3b2c7f1842ff13a02239a908ffbf3
build_prices_quant_v1.py,scripts/ingestion/build_prices_quant_v1.py,,Script build_prices_quant_v1.py — purpose to be filled by owner,,,,,2026-02-04,unit: no; integration: no,,,,faa599fdb7b881f82630ba9e398e9650ec6d7fc6295d4f2f733fc02de16b22a5
ingestion_5years_quant_v1.py,scripts/ingestion/ingestion_5years_quant_v1.py,,Script ingestion_5years_quant_v1.py — purpose to be filled by owner,,,,,2026-01-23,unit: no; integration: no,,,,c1937a952827039f05d2b0a02a5c5e73a5ca1c4a5045efb08c3eca0bf91c7716
inspect_selection.py,scripts/inspect_selection.py,,Script inspect_selection.py — purpose to be filled by owner,,,,,2026-01-29,unit: no; integration: no,,,,feb3769defb0caadd09d87d4f1e924fc404f08b85861a76fccb11bc1615afaea
logging_quant_v1.py,scripts/logging_quant_v1.py,,Script logging_quant_v1.py — purpose to be filled by owner,,,,,2026-01-23,unit: no; integration: no,,,,c43788b80ea098e31b41e6f837fd3211feccbe4e337e19ef3918ee6ed889de9c
logging_quant_v1.py,scripts/logs/logging_quant_v1.py,,Script logging_quant_v1.py — purpose to be filled by owner,,,,,2026-01-25,unit: no; integration: no,,,,17cb5353bb5555be8cb67df5f28b4f4d3b08c2a3ae6b3dedd94b7aa9613482d4
patch_logging_integration_quant_v1.py,scripts/logs/patch_logging_integration_quant_v1.py,,Script patch_logging_integration_quant_v1.py — purpose to be filled by owner,,,,,2026-01-25,unit: no; integration: no,,,,89c67ebf1d6663677ed7552e2f36cbd42cdfb52ce834407716fd2b2c38d147ee
cleanup_dashboard_weekly_legacy.py,scripts/maintenance/cleanup_dashboard_weekly_legacy.py,,Script cleanup_dashboard_weekly_legacy.py — purpose to be filled by owner,,,,,2026-01-31,unit: no; integration: no,,,,099ded5ff07f2b66b53c08fd3c9a03671c6001aee91261b34f3ed56a8a85e65d
cleanup_quant.py,scripts/maintenance/cleanup_quant.py,,Script cleanup_quant.py — purpose to be filled by owner,,,,,2026-02-02,unit: no; integration: no,,,,4067fe2892a6df9ab47d6ed25c8fb073c67ce4c50e1ed1c89b0448b43f876716
make_hist.py,scripts/make_hist.py,,Script make_hist.py — purpose to be filled by owner,,,,,2026-02-03,unit: no; integration: no,,,,94228c8cb6decdd58f87a4118b97d66506a99c4496a1f20028fe2e68d341ee0e
make_price_returns.py,scripts/make_price_returns.py,,Script make_price_returns.py — purpose to be filled by owner,,,,,2026-02-02,unit: no; integration: no,,,,778845944519cd042c965a88a62d4cd1cb60877fa4a841bb545dbe862d7e5344
master_dataset_quant_v1.py,scripts/master/master_dataset_quant_v1.py,,Script master_dataset_quant_v1.py — purpose to be filled by owner,,,,,2026-01-21,unit: no; integration: no,,,,7c7c9000343c7f9a5153474d6f752f18f9f2e9cbd8b566674d1f787216ec07d8
master_pipeline_quant_v1.py,scripts/master_pipeline_quant_v1.py,,Script master_pipeline_quant_v1.py — purpose to be filled by owner,,,,,2026-02-02,unit: no; integration: no,,,,7678d98c9cb15b15e92fe95945d8ea21fcee67c3a162951cb7e07494ceba1f92
build_optimiser_regime_quant_v1.py,scripts/optimiser/build_optimiser_regime_quant_v1.py,,Script build_optimiser_regime_quant_v1.py — purpose to be filled by owner,,,,,2026-01-31,unit: no; integration: no,,,,906257d7d49d401404ea3a164008d5adbcd0e2e02548d0f3bba853e78f9d5400
patch_regen.py,scripts/patch_regen.py,,Script patch_regen.py — purpose to be filled by owner,,,,,2026-02-03,unit: no; integration: no,,,,af652a40ba027b0d05f0ef1e6818c61576a30408d71cc938585a3016287f043a
patch_safe_match_fix.py,scripts/patch_safe_match_fix.py,,Script patch_safe_match_fix.py — purpose to be filled by owner,,,,,2026-02-03,unit: no; integration: no,,,,590662987276fe4843d0f7a5951ecce9fce73d2e849d67be4839f767dfd49058
patch_safe_match_tolerant.py,scripts/patch_safe_match_tolerant.py,,Script patch_safe_match_tolerant.py — purpose to be filled by owner,,,,,2026-02-03,unit: no; integration: no,,,,31be3958409bb5ce8752ebab6f53fedc1ab5fb516a3881710814b709312ac839
portfolio_engine_quant_v2.py,scripts/portfolio/portfolio_engine_quant_v2.py,,Script portfolio_engine_quant_v2.py — purpose to be filled by owner,,,,,2026-01-31,unit: no; integration: no,,,,8593ab3d19b902a59bb0614e3462cea0251c4af91145dcca03c314e298dde4e6
portfolio_engine_regime_overlay_quant_v1.py,scripts/portfolio/portfolio_engine_regime_overlay_quant_v1.py,,Script portfolio_engine_regime_overlay_quant_v1.py — purpose to be filled by owner,,,,,2026-01-23,unit: no; integration: no,,,,618a1e1680c81e48be3b23c203b758b5bc875ad2b0e19679b42f46753b7fafea
quant_generate_historical_weights_ensemble_v1.py,scripts/quant_generate_historical_weights_ensemble_v1.py,,Script quant_generate_historical_weights_ensemble_v1.py — purpose to be filled by owner,,,,,2026-01-26,unit: no; integration: no,,,,7460241566a6cb8fd2f4635d11374bf8955858f6923102636bf77cfb7edb16e5
quant_weekly_10x10_v1.py,scripts/quant_weekly_10x10_v1.py,,Script quant_weekly_10x10_v1.py — purpose to be filled by owner,,,,,2026-01-26,unit: no; integration: no,,,,e3a5cc70f9088a8f812244013878b2f75fbe604a112368424fc9e4509a30e464
ranking_10stock_weekly.py,scripts/ranking/ranking_10stock_weekly.py,,Script ranking_10stock_weekly.py — purpose to be filled by owner,,,,,2026-01-25,unit: no; integration: no,,,,d32b70399b0eaf244e7af944ba5d078d8cadae1c246a9eae210ff9d62aea3fce
ranking_weekly_quant_v1.py,scripts/ranking/ranking_weekly_quant_v1.py,,Script ranking_weekly_quant_v1.py — purpose to be filled by owner,,,,,2026-01-25,unit: no; integration: no,,,,94d13d25d3984795094d2e8cb867df14c4823499a12df692568611ea4d704472
rebuild_mpl_cache.py,scripts/rebuild_mpl_cache.py,,Script rebuild_mpl_cache.py — purpose to be filled by owner,,,,,2026-02-03,unit: no; integration: no,,,,7a45199f4008a3473b3962ca177d6532fedbcb976428d84351f27cf9c9e27fd9
build_securities_master_quant_v1.py,scripts/reference/build_securities_master_quant_v1.py,,Script build_securities_master_quant_v1.py — purpose to be filled by owner,,,,,2026-01-31,unit: no; integration: no,,,,56f50365c2b330342a305bc797c2bdc932cd5cc40a29b029c1b16c2455affa4e
regen_and_verify.py,scripts/regen_and_verify.py,,Script regen_and_verify.py — purpose to be filled by owner,,,,,2026-02-03,unit: no; integration: no,,,,30cedc288f3a04f24b6b1830e13932c0de48b1be2339c7965c76a3affe0c8151
__init__.py,scripts/reporting/__init__.py,,Script __init__.py — purpose to be filled by owner,,,,,2026-01-21,unit: no; integration: no,,,,e3b0c44298fc1c149afbf4c8996fb92427ae41e4649b934ca495991b7852b855
reporting_engine.py,scripts/reporting/reporting_engine.py,,Script reporting_engine.py — purpose to be filled by owner,,,,,2026-01-25,unit: no; integration: no,,,,e3571ed51ae3c0dafb5086e47a5bd933e8636c295ce9abfa1a80734e1f66faba
reporting_engine_returns_v2.py,scripts/reporting/reporting_engine_returns_v2.py,,Script reporting_engine_returns_v2.py — purpose to be filled by owner,,,,,2026-01-25,unit: no; integration: no,,,,db29fc9756c2a5b164eea8d5315174dc3e38e940a20b76686247d6a32712a3eb
build_factor_covariance_quant_v2.py,scripts/risk/build_factor_covariance_quant_v2.py,,Script build_factor_covariance_quant_v2.py — purpose to be filled by owner,,,,,2026-01-31,unit: no; integration: no,,,,706252573b68fbccc0b186cd161150fc37d191b92e47aa8fd310be819adfda67
build_factor_exposures_quant_v2.py,scripts/risk/build_factor_exposures_quant_v2.py,,Script build_factor_exposures_quant_v2.py — purpose to be filled by owner,,,,,2026-01-31,unit: no; integration: no,,,,84bce6df3b351b045704e7577446887f36bdf0075662abad2242ea2201fd4ab8
build_factor_model_scaffold_quant_v2.py,scripts/risk/build_factor_model_scaffold_quant_v2.py,,Script build_factor_model_scaffold_quant_v2.py — purpose to be filled by owner,,,,,2026-01-31,unit: no; integration: no,,,,8aa73055da2b6bfe3ebfc41e91022ebb411e9f60bc0c7c73d2cd1d205163e210
build_factor_returns_quant_v2.py,scripts/risk/build_factor_returns_quant_v2.py,,Script build_factor_returns_quant_v2.py — purpose to be filled by owner,,,,,2026-01-31,unit: no; integration: no,,,,80cbea20f23213a9fcd3baaa82101cb8283446b37f44026682af3801ed92ad38
run_growth_pipeline_quant_v1.pyrun_growth_pipeline_quant_v1.py,scripts/run_growth_pipeline_quant_v1.pyrun_growth_pipeline_quant_v1.py,,Script run_growth_pipeline_quant_v1.pyrun_growth_pipeline_quant_v1.py — purpose to be filled by owner,,,,,2026-01-25,unit: no; integration: no,,,,d18cc0a8d38bffa436ae765d7b2c0b5a418730dc49150ca87c4f0156ebedd0e4
run_pipeline_10stock_weekly.py,scripts/run_pipeline_10stock_weekly.py,,Script run_pipeline_10stock_weekly.py — purpose to be filled by owner,,,,,2026-01-25,unit: no; integration: no,,,,42f62f41d51a9abc829714a1c6121aac703c1cea0d8ff1d857ff2767408d361b
run_verification.py,scripts/run_verification.py,,Script run_verification.py — purpose to be filled by owner,,,,,2026-02-03,unit: no; integration: no,,,,bcb452e1dec8b5ee17289f46337964c776eaff54fed9810567c2d521030d29b9
run_verification_now.py,scripts/run_verification_now.py,,Script run_verification_now.py — purpose to be filled by owner,,,,,2026-02-03,unit: no; integration: no,,,,d31f8f4b25205a14c5c3e79b7358cf356ab58127e3c0b85f49229e3d6e636ca5
run_verification_using_realized.py,scripts/run_verification_using_realized.py,,Script run_verification_using_realized.py — purpose to be filled by owner,,,,,2026-02-03,unit: no; integration: no,,,,27a529f4cfd818b59b6b6c94d8921cb0fe1c78f81b65f85e9850fdea8c2aafd0
build_weekly_selection_longonly.py,scripts/selection/build_weekly_selection_longonly.py,,Script build_weekly_selection_longonly.py — purpose to be filled by owner,,,,,2026-02-04,unit: no; integration: no,,,,e6bb88ebc8a898de844e2af521a1c701d1c2993df6a5a586697198ad8277e6fd
build_weekly_selection_longshort.py,scripts/selection/build_weekly_selection_longshort.py,,Script build_weekly_selection_longshort.py — purpose to be filled by owner,,,,,2026-02-04,unit: no; integration: no,,,,6889337f2007a7811ee41766a4fb2030535ac44c2a0450a72426283505e78473
validate_weekly_selection_longshort.py,scripts/selection/validate_weekly_selection_longshort.py,,Script validate_weekly_selection_longshort.py — purpose to be filled by owner,,,,,2026-02-04,unit: no; integration: no,,,,af6f9cd97f91298192c9de997774c4d7301b47813dcdeb2324afd6f86cdd5fd2
signal_library_quant_v1.py,scripts/signal_library_quant_v1.py,,Script signal_library_quant_v1.py — purpose to be filled by owner,,,,,2026-01-21,unit: no; integration: no,,,,37c8743feea2ae38ecb12fd0a0d25726c452af14817e4b78ed3646faa38af415
build_alpha_quant_v2.py,scripts/signals/build_alpha_quant_v2.py,,Script build_alpha_quant_v2.py — purpose to be filled by owner,,,,,2026-01-31,unit: no; integration: no,,,,4fa8abfc8d2e29882618b4aff038ba2b4a68efedfd07c2dabeccad7276d7a5db
build_expected_returns_quant_v1.py,scripts/signals/build_expected_returns_quant_v1.py,,Script build_expected_returns_quant_v1.py — purpose to be filled by owner,,,,,2026-01-31,unit: no; integration: no,,,,6d90ecfcec35e56668b66d4e29254cf292ff1df194e9fc70e8b3a1bc6ad6d0c3
compliance_checker_quant_v1.py,scripts/validation/compliance_checker_quant_v1.py,,Script compliance_checker_quant_v1.py — purpose to be filled by owner,,,,,2026-01-25,unit: no; integration: no,,,,3c3b8c45b1d50dbac41825bee230711ae8aa5dd5707d900df3f9ca08902887fd
directory_auditor_quant_v1.py,scripts/validation/directory_auditor_quant_v1.py,,Script directory_auditor_quant_v1.py — purpose to be filled by owner,,,,,2026-01-25,unit: no; integration: no,,,,ecb906f1a91f0428f2e38d983d68c161cde453c00268d01ca9f08c4c39fbd3bb
schema_validator_quant_v1.py,scripts/validation/schema_validator_quant_v1.py,,Script schema_validator_quant_v1.py — purpose to be filled by owner,,,,,2026-01-25,unit: no; integration: no,,,,5c1f3350b5c93e194fe651d9a005c8e2a9818370a63a531d55c2daf272b28b2d
verify_quant_v1_build (2).py,scripts/validation/verify_quant_v1_build (2).py,,Script verify_quant_v1_build (2).py — purpose to be filled by owner,,,,,2026-01-31,unit: no; integration: no,,,,d58e7960656731f6e1571ce1c2eb2d3a32cbae9a32c5f3db827b33ca5baaa630
verify_quant_v1_build.py,scripts/validation/verify_quant_v1_build.py,,Script verify_quant_v1_build.py — purpose to be filled by owner,,,,,2026-01-31,unit: no; integration: no,,,,973ecc320853ff502a2b7d28bb2cd6af99d31fdca319a61fa60a004c234b12b1
verify_quant_v2_factor_scaffold.py,scripts/validation/verify_quant_v2_factor_scaffold.py,,Script verify_quant_v2_factor_scaffold.py — purpose to be filled by owner,,,,,2026-01-31,unit: no; integration: no,,,,898b14ad522a2dc6eae9744dffdf895385f0ebb02708b48068adf7f49fe9868a
verify_backtest_vs_ingestion.py,scripts/verify_backtest_vs_ingestion.py,,Script verify_backtest_vs_ingestion.py — purpose to be filled by owner,,,,,2026-01-29,unit: no; integration: no,,,,b2776ae4228f8ed7f0ef6d4d20d19fecfe5fd52c9b5e8037af5f7c90719ce054
verify_backtest_vs_ingestion_longshort.py,scripts/verify_backtest_vs_ingestion_longshort.py,,Script verify_backtest_vs_ingestion_longshort.py — purpose to be filled by owner,,,,,2026-01-29,unit: no; integration: no,,,,f6dd0ff5cf2752d904e932caaf1a845d0535fdc0515bf8e504ebeedab58f4892
test.py,test.py,,Script test.py — purpose to be filled by owner,,,,,2026-02-03,unit: no; integration: no,,,,09a073f6f27d11ff1dd587d7635428774422e62f214a93fb0be826acc8adb13d
generate_manifest.py,tools/generate_manifest.py,,Script generate_manifest.py — purpose to be filled by owner,,,,,2026-02-05,unit: no; integration: no,,,,4e9bdfd19213199c4c619591a7d383c57f4394e1b75192c89ee4d330a6008ea6
